{
	"info": {
		"_postman_id": "655ad119-e8dc-4595-8e24-bc39aa941b5d",
		"name": "Relations",
		"schema": "https://schema.getpostman.com/json/collection/v2.1.0/collection.json",
		"_exporter_id": "38672148"
	},
	"item": [
		{
			"name": "OntoOne",
			"request": {
				"method": "POST",
				"header": [],
				"body": {
					"mode": "raw",
					"raw": "{\r\n    \"name\":\"jack\",\r\n    \"address\":{\r\n        \"street\":\"dn col\",\r\n        \"city\":\"hyd\"\r\n    }\r\n}",
					"options": {
						"raw": {
							"language": "json"
						}
					}
				},
				"url": {
					"raw": "http://localhost:8080/api/users",
					"protocol": "http",
					"host": [
						"localhost"
					],
					"port": "8080",
					"path": [
						"api",
						"users"
					]
				}
			},
			"response": []
		},
		{
			"name": "ManyToMany",
			"request": {
				"method": "POST",
				"header": [],
				"body": {
					"mode": "raw",
					"raw": "{\r\n    \"name\": \"NAVA\",\r\n    \"email\":\"SDFASF\",\r\n    \"roles\":[\r\n        {\r\n            \"name\":\"fgds\"   \r\n        },\r\n        {\r\n            \"name\":\"fgwerweds\"   \r\n        }\r\n    ]\r\n}",
					"options": {
						"raw": {
							"language": "json"
						}
					}
				},
				"url": {
					"raw": "http://localhost:8080/api/employees",
					"protocol": "http",
					"host": [
						"localhost"
					],
					"port": "8080",
					"path": [
						"api",
						"employees"
					]
				}
			},
			"response": []
		},
		{
			"name": "OntoMany",
			"protocolProfileBehavior": {
				"disableBodyPruning": true
			},
			"request": {
				"method": "GET",
				"header": [],
				"body": {
					"mode": "raw",
					"raw": "{\r\n    \"title\":\"dasa\",\r\n    \"description\":\"dssasasdf\",\r\n    \"comments\":[\r\n        {\r\n        \"author\":\"rew\",\r\n        \"content\":\"adasd\"\r\n        },\r\n        {\r\n        \"author\":\"rew\",\r\n        \"content\":\"adasd\"\r\n        }\r\n    ]\r\n}",
					"options": {
						"raw": {
							"language": "json"
						}
					}
				},
				"url": {
					"raw": "http://localhost:8080/api/posts/1",
					"protocol": "http",
					"host": [
						"localhost"
					],
					"port": "8080",
					"path": [
						"api",
						"posts",
						"1"
					]
				}
			},
			"response": []
		}
	]
}